{
    "type": "FeatureCollection",
    "features": [
        {
            "type": "Feature",
            "geometry": {
                "type": "Polygon",
                "coordinates": [
                    [
                        [
                            -77.056181,
                            -12.091022
                        ],
                        [
                            -77.055964,
                            -12.091166
                        ],
                        [
                            -77.0558,
                            -12.091276
                        ],
                        [
                            -77.055619,
                            -12.091395
                        ],
                        [
                            -77.055509,
                            -12.09147
                        ],
                        [
                            -77.055399,
                            -12.091543
                        ],
                        [
                            -77.055352,
                            -12.091573
                        ],
                        [
                            -77.055143,
                            -12.091716
                        ],
                        [
                            -77.055007,
                            -12.091805
                        ],
                        [
                            -77.054847,
                            -12.09191
                        ],
                        [
                            -77.054555,
                            -12.092106
                        ],
                        [
                            -77.05433,
                            -12.092256
                        ],
                        [
                            -77.054158,
                            -12.092368
                        ],
                        [
                            -77.053977,
                            -12.09249
                        ],
                        [
                            -77.053804,
                            -12.092604
                        ],
                        [
                            -77.053623,
                            -12.092725
                        ],
                        [
                            -77.053452,
                            -12.092838
                        ],
                        [
                            -77.053349,
                            -12.092908
                        ],
                        [
                            -77.05329,
                            -12.092947
                        ],
                        [
                            -77.053258,
                            -12.092878
                        ],
                        [
                            -77.053122,
                            -12.09261
                        ],
                        [
                            -77.052877,
                            -12.092132
                        ],
                        [
                            -77.052713,
                            -12.09181
                        ],
                        [
                            -77.05251,
                            -12.091411
                        ],
                        [
                            -77.052304,
                            -12.091008
                        ],
                        [
                            -77.052135,
                            -12.09068
                        ],
                        [
                            -77.051965,
                            -12.090348
                        ],
                        [
                            -77.051768,
                            -12.089968
                        ],
                        [
                            -77.051635,
                            -12.089705
                        ],
                        [
                            -77.051342,
                            -12.089124
                        ],
                        [
                            -77.051059,
                            -12.088569
                        ],
                        [
                            -77.050854,
                            -12.088172
                        ],
                        [
                            -77.050688,
                            -12.087837
                        ],
                        [
                            -77.056181,
                            -12.091022
                        ]
                    ]
                ]
            },
            "properties": {
                "cuadrante": "9D"
            }
        },
        {
            "type": "Feature",
            "geometry": {
                "type": "Polygon",
                "coordinates": [
                    [
                        [
                            -77.056473,
                            -12.08842
                        ],
                        [
                            -77.056668,
                            -12.088699
                        ],
                        [
                            -77.056864,
                            -12.088986
                        ],
                        [
                            -77.05703,
                            -12.08923
                        ],
                        [
                            -77.057215,
                            -12.089505
                        ],
                        [
                            -77.057388,
                            -12.089759
                        ],
                        [
                            -77.057572,
                            -12.090024
                        ],
                        [
                            -77.057615,
                            -12.090085
                        ],
                        [
                            -77.057519,
                            -12.090152
                        ],
                        [
                            -77.057378,
                            -12.090247
                        ],
                        [
                            -77.057245,
                            -12.090334
                        ],
                        [
                            -77.057131,
                            -12.090411
                        ],
                        [
                            -77.056982,
                            -12.090509
                        ],
                        [
                            -77.056767,
                            -12.090653
                        ],
                        [
                            -77.056625,
                            -12.090748
                        ],
                        [
                            -77.05647,
                            -12.090846
                        ],
                        [
                            -77.056321,
                            -12.090929
                        ],
                        [
                            -77.056181,
                            -12.091022
                        ],
                        [
                            -77.05375,
                            -12.089612
                        ],
                        [
                            -77.053858,
                            -12.089389
                        ],
                        [
                            -77.055478,
                            -12.088299
                        ],
                        [
                            -77.055844,
                            -12.088843
                        ],
                        [
                            -77.056473,
                            -12.08842
                        ]
                    ]
                ]
            },
            "properties": {
                "cuadrante": "9C"
            }
        },
        {
            "type": "Feature",
            "geometry": {
                "type": "Polygon",
                "coordinates": [
                    [
                        [
                            -77.05167,
                            -12.084276
                        ],
                        [
                            -77.051713,
                            -12.084305
                        ],
                        [
                            -77.051788,
                            -12.084363
                        ],
                        [
                            -77.052,
                            -12.084538
                        ],
                        [
                            -77.052371,
                            -12.08484
                        ],
                        [
                            -77.052675,
                            -12.085089
                        ],
                        [
                            -77.052699,
                            -12.085107
                        ],
                        [
                            -77.053029,
                            -12.085374
                        ],
                        [
                            -77.053307,
                            -12.085591
                        ],
                        [
                            -77.053524,
                            -12.085757
                        ],
                        [
                            -77.05355,
                            -12.085776
                        ],
                        [
                            -77.053763,
                            -12.085944
                        ],
                        [
                            -77.05401,
                            -12.086141
                        ],
                        [
                            -77.054286,
                            -12.086363
                        ],
                        [
                            -77.054527,
                            -12.086558
                        ],
                        [
                            -77.054738,
                            -12.08673
                        ],
                        [
                            -77.054941,
                            -12.086896
                        ],
                        [
                            -77.055195,
                            -12.087103
                        ],
                        [
                            -77.055378,
                            -12.087255
                        ],
                        [
                            -77.055603,
                            -12.087439
                        ],
                        [
                            -77.055755,
                            -12.087557
                        ],
                        [
                            -77.055896,
                            -12.08767
                        ],
                        [
                            -77.055985,
                            -12.08774
                        ],
                        [
                            -77.056058,
                            -12.087818
                        ],
                        [
                            -77.056077,
                            -12.087842
                        ],
                        [
                            -77.056113,
                            -12.08789
                        ],
                        [
                            -77.056154,
                            -12.087943
                        ],
                        [
                            -77.0563,
                            -12.088166
                        ],
                        [
                            -77.056473,
                            -12.08842
                        ],
                        [
                            -77.055844,
                            -12.088843
                        ],
                        [
                            -77.055478,
                            -12.088299
                        ],
                        [
                            -77.053858,
                            -12.089389
                        ],
                        [
                            -77.05375,
                            -12.089612
                        ],
                        [
                            -77.052882,
                            -12.089109
                        ],
                        [
                            -77.053664,
                            -12.088565
                        ],
                        [
                            -77.05274,
                            -12.087174
                        ],
                        [
                            -77.052144,
                            -12.08759
                        ],
                        [
                            -77.051441,
                            -12.086541
                        ],
                        [
                            -77.052021,
                            -12.086123
                        ],
                        [
                            -77.051267,
                            -12.08505
                        ],
                        [
                            -77.051347,
                            -12.084908
                        ],
                        [
                            -77.051463,
                            -12.084682
                        ],
                        [
                            -77.051572,
                            -12.084471
                        ],
                        [
                            -77.05167,
                            -12.084276
                        ]
                    ]
                ]
            },
            "properties": {
                "cuadrante": "9B"
            }
        },
        {
            "type": "Feature",
            "geometry": {
                "type": "Polygon",
                "coordinates": [
                    [
                        [
                            -77.052882,
                            -12.089109
                        ],
                        [
                            -77.050688,
                            -12.087837
                        ],
                        [
                            -77.050417,
                            -12.087304
                        ],
                        [
                            -77.050249,
                            -12.086978
                        ],
                        [
                            -77.050294,
                            -12.086896
                        ],
                        [
                            -77.050427,
                            -12.086635
                        ],
                        [
                            -77.050578,
                            -12.08635
                        ],
                        [
                            -77.050753,
                            -12.086013
                        ],
                        [
                            -77.050892,
                            -12.085755
                        ],
                        [
                            -77.051024,
                            -12.085506
                        ],
                        [
                            -77.051142,
                            -12.085288
                        ],
                        [
                            -77.051267,
                            -12.08505
                        ],
                        [
                            -77.052022,
                            -12.086123
                        ],
                        [
                            -77.051441,
                            -12.086541
                        ],
                        [
                            -77.052144,
                            -12.08759
                        ],
                        [
                            -77.05274,
                            -12.087174
                        ],
                        [
                            -77.053664,
                            -12.088565
                        ],
                        [
                            -77.052882,
                            -12.089109
                        ]
                    ]
                ]
            },
            "properties": {
                "cuadrante": "9A"
            }
        },
        {
            "type": "Feature",
            "geometry": {
                "type": "Polygon",
                "coordinates": [
                    [
                        [
                            -77.050667,
                            -12.083645
                        ],
                        [
                            -77.050784,
                            -12.083656
                        ],
                        [
                            -77.050912,
                            -12.083678
                        ],
                        [
                            -77.051031,
                            -12.083705
                        ],
                        [
                            -77.051115,
                            -12.08373
                        ],
                        [
                            -77.05116,
                            -12.083747
                        ],
                        [
                            -77.051199,
                            -12.083765
                        ],
                        [
                            -77.051243,
                            -12.083785
                        ],
                        [
                            -77.051276,
                            -12.083801
                        ],
                        [
                            -77.051314,
                            -12.083822
                        ],
                        [
                            -77.051344,
                            -12.083841
                        ],
                        [
                            -77.051386,
                            -12.083872
                        ],
                        [
                            -77.051434,
                            -12.083905
                        ],
                        [
                            -77.051469,
                            -12.083932
                        ],
                        [
                            -77.051507,
                            -12.083962
                        ],
                        [
                            -77.05155,
                            -12.083995
                        ],
                        [
                            -77.051567,
                            -12.084007
                        ],
                        [
                            -77.051617,
                            -12.084024
                        ],
                        [
                            -77.051585,
                            -12.084084
                        ],
                        [
                            -77.051547,
                            -12.084152
                        ],
                        [
                            -77.051483,
                            -12.08427
                        ],
                        [
                            -77.051406,
                            -12.084411
                        ],
                        [
                            -77.051345,
                            -12.084519
                        ],
                        [
                            -77.051273,
                            -12.084653
                        ],
                        [
                            -77.051211,
                            -12.084768
                        ],
                        [
                            -77.051149,
                            -12.084885
                        ],
                        [
                            -77.051097,
                            -12.084983
                        ],
                        [
                            -77.051034,
                            -12.0851
                        ],
                        [
                            -77.050967,
                            -12.085217
                        ],
                        [
                            -77.050908,
                            -12.085329
                        ],
                        [
                            -77.050877,
                            -12.085381
                        ],
                        [
                            -77.050861,
                            -12.085411
                        ],
                        [
                            -77.050753,
                            -12.085629
                        ],
                        [
                            -77.050594,
                            -12.085932
                        ],
                        [
                            -77.050472,
                            -12.086163
                        ],
                        [
                            -77.050304,
                            -12.086479
                        ],
                        [
                            -77.050176,
                            -12.086701
                        ],
                        [
                            -77.050165,
                            -12.086822
                        ],
                        [
                            -77.050129,
                            -12.086763
                        ],
                        [
                            -77.050106,
                            -12.086728
                        ],
                        [
                            -77.049955,
                            -12.086481
                        ],
                        [
                            -77.049797,
                            -12.08623
                        ],
                        [
                            -77.049658,
                            -12.086013
                        ],
                        [
                            -77.049523,
                            -12.085834
                        ],
                        [
                            -77.049351,
                            -12.085622
                        ],
                        [
                            -77.049269,
                            -12.085538
                        ],
                        [
                            -77.049082,
                            -12.085349
                        ],
                        [
                            -77.048994,
                            -12.085272
                        ],
                        [
                            -77.048903,
                            -12.083704
                        ],
                        [
                            -77.050667,
                            -12.083645
                        ]
                    ]
                ]
            },
            "properties": {
                "cuadrante": "8A2"
            }
        },
        {
            "type": "Feature",
            "geometry": {
                "type": "Polygon",
                "coordinates": [
                    [
                        [
                            -77.045936,
                            -12.08258
                        ],
                        [
                            -77.046002,
                            -12.0825
                        ],
                        [
                            -77.046057,
                            -12.082433
                        ],
                        [
                            -77.046113,
                            -12.082393
                        ],
                        [
                            -77.046286,
                            -12.08235
                        ],
                        [
                            -77.046657,
                            -12.082247
                        ],
                        [
                            -77.04701,
                            -12.082148
                        ],
                        [
                            -77.04729,
                            -12.082086
                        ],
                        [
                            -77.047596,
                            -12.082037
                        ],
                        [
                            -77.048093,
                            -12.082005
                        ],
                        [
                            -77.048433,
                            -12.08202
                        ],
                        [
                            -77.048825,
                            -12.082064
                        ],
                        [
                            -77.049088,
                            -12.082123
                        ],
                        [
                            -77.049373,
                            -12.082207
                        ],
                        [
                            -77.049729,
                            -12.082331
                        ],
                        [
                            -77.050056,
                            -12.082458
                        ],
                        [
                            -77.050466,
                            -12.082609
                        ],
                        [
                            -77.050615,
                            -12.082664
                        ],
                        [
                            -77.050667,
                            -12.083645
                        ],
                        [
                            -77.048903,
                            -12.083704
                        ],
                        [
                            -77.048994,
                            -12.085272
                        ],
                        [
                            -77.048901,
                            -12.085183
                        ],
                        [
                            -77.048847,
                            -12.085129
                        ],
                        [
                            -77.048828,
                            -12.085113
                        ],
                        [
                            -77.048761,
                            -12.085051
                        ],
                        [
                            -77.048682,
                            -12.084981
                        ],
                        [
                            -77.04848,
                            -12.084805
                        ],
                        [
                            -77.04811,
                            -12.084482
                        ],
                        [
                            -77.047783,
                            -12.0842
                        ],
                        [
                            -77.047588,
                            -12.084015
                        ],
                        [
                            -77.04753,
                            -12.083963
                        ],
                        [
                            -77.047366,
                            -12.083816
                        ],
                        [
                            -77.046802,
                            -12.08332
                        ],
                        [
                            -77.046435,
                            -12.082994
                        ],
                        [
                            -77.046156,
                            -12.082757
                        ],
                        [
                            -77.045936,
                            -12.08258
                        ]
                    ]
                ]
            },
            "properties": {
                "cuadrante": "8A1"
            }
        },
        {
            "type": "Feature",
            "geometry": {
                "type": "Polygon",
                "coordinates": [
                    [
                        [
                            -77.050615,
                            -12.082664
                        ],
                        [
                            -77.050695,
                            -12.082698
                        ],
                        [
                            -77.051067,
                            -12.082839
                        ],
                        [
                            -77.051554,
                            -12.083027
                        ],
                        [
                            -77.051858,
                            -12.083153
                        ],
                        [
                            -77.052121,
                            -12.083246
                        ],
                        [
                            -77.052434,
                            -12.083349
                        ],
                        [
                            -77.052749,
                            -12.083426
                        ],
                        [
                            -77.053144,
                            -12.083494
                        ],
                        [
                            -77.05345,
                            -12.083507
                        ],
                        [
                            -77.053703,
                            -12.083506
                        ],
                        [
                            -77.053995,
                            -12.083485
                        ],
                        [
                            -77.054198,
                            -12.083454
                        ],
                        [
                            -77.054418,
                            -12.083792
                        ],
                        [
                            -77.054438,
                            -12.083822
                        ],
                        [
                            -77.054653,
                            -12.084153
                        ],
                        [
                            -77.054903,
                            -12.08453
                        ],
                        [
                            -77.054946,
                            -12.084601
                        ],
                        [
                            -77.053739,
                            -12.085718
                        ],
                        [
                            -77.053618,
                            -12.085618
                        ],
                        [
                            -77.053162,
                            -12.085249
                        ],
                        [
                            -77.052777,
                            -12.084942
                        ],
                        [
                            -77.05255,
                            -12.084762
                        ],
                        [
                            -77.052421,
                            -12.084656
                        ],
                        [
                            -77.052143,
                            -12.084428
                        ],
                        [
                            -77.051927,
                            -12.08425
                        ],
                        [
                            -77.0519,
                            -12.08423
                        ],
                        [
                            -77.051753,
                            -12.084114
                        ],
                        [
                            -77.051729,
                            -12.084095
                        ],
                        [
                            -77.051678,
                            -12.084054
                        ],
                        [
                            -77.051617,
                            -12.084024
                        ],
                        [
                            -77.051567,
                            -12.084007
                        ],
                        [
                            -77.05155,
                            -12.083995
                        ],
                        [
                            -77.051507,
                            -12.083962
                        ],
                        [
                            -77.051469,
                            -12.083932
                        ],
                        [
                            -77.051434,
                            -12.083905
                        ],
                        [
                            -77.051386,
                            -12.083872
                        ],
                        [
                            -77.051344,
                            -12.083841
                        ],
                        [
                            -77.051314,
                            -12.083822
                        ],
                        [
                            -77.051276,
                            -12.083801
                        ],
                        [
                            -77.051243,
                            -12.083785
                        ],
                        [
                            -77.051199,
                            -12.083765
                        ],
                        [
                            -77.05116,
                            -12.083747
                        ],
                        [
                            -77.051115,
                            -12.08373
                        ],
                        [
                            -77.051031,
                            -12.083705
                        ],
                        [
                            -77.050912,
                            -12.083678
                        ],
                        [
                            -77.050784,
                            -12.083656
                        ],
                        [
                            -77.050667,
                            -12.083645
                        ],
                        [
                            -77.050615,
                            -12.082664
                        ]
                    ]
                ]
            },
            "properties": {
                "cuadrante": "8B1"
            }
        },
        {
            "type": "Feature",
            "geometry": {
                "type": "Polygon",
                "coordinates": [
                    [
                        [
                            -77.054946,
                            -12.084601
                        ],
                        [
                            -77.054985,
                            -12.084662
                        ],
                        [
                            -77.055407,
                            -12.085308
                        ],
                        [
                            -77.055772,
                            -12.085849
                        ],
                        [
                            -77.055808,
                            -12.085896
                        ],
                        [
                            -77.056024,
                            -12.086175
                        ],
                        [
                            -77.056078,
                            -12.086234
                        ],
                        [
                            -77.056129,
                            -12.086283
                        ],
                        [
                            -77.056189,
                            -12.086323
                        ],
                        [
                            -77.056263,
                            -12.086348
                        ],
                        [
                            -77.056305,
                            -12.086397
                        ],
                        [
                            -77.056484,
                            -12.086597
                        ],
                        [
                            -77.05661,
                            -12.08675
                        ],
                        [
                            -77.055835,
                            -12.087401
                        ],
                        [
                            -77.055689,
                            -12.087283
                        ],
                        [
                            -77.055346,
                            -12.087001
                        ],
                        [
                            -77.054973,
                            -12.0867
                        ],
                        [
                            -77.054846,
                            -12.0866
                        ],
                        [
                            -77.054747,
                            -12.086521
                        ],
                        [
                            -77.054531,
                            -12.086349
                        ],
                        [
                            -77.054162,
                            -12.086054
                        ],
                        [
                            -77.053958,
                            -12.085891
                        ],
                        [
                            -77.053739,
                            -12.085718
                        ],
                        [
                            -77.054946,
                            -12.084601
                        ]
                    ]
                ]
            },
            "properties": {
                "cuadrante": "8B2"
            }
        },
        {
            "type": "Feature",
            "geometry": {
                "type": "Polygon",
                "coordinates": [
                    [
                        [
                            -77.05661,
                            -12.08675
                        ],
                        [
                            -77.056634,
                            -12.08678
                        ],
                        [
                            -77.056824,
                            -12.087015
                        ],
                        [
                            -77.056947,
                            -12.087164
                        ],
                        [
                            -77.056993,
                            -12.087219
                        ],
                        [
                            -77.057023,
                            -12.087251
                        ],
                        [
                            -77.057019,
                            -12.087327
                        ],
                        [
                            -77.057017,
                            -12.087367
                        ],
                        [
                            -77.057026,
                            -12.087416
                        ],
                        [
                            -77.057046,
                            -12.087449
                        ],
                        [
                            -77.057062,
                            -12.087461
                        ],
                        [
                            -77.057085,
                            -12.087477
                        ],
                        [
                            -77.057117,
                            -12.087493
                        ],
                        [
                            -77.057164,
                            -12.087501
                        ],
                        [
                            -77.057215,
                            -12.087487
                        ],
                        [
                            -77.057249,
                            -12.087454
                        ],
                        [
                            -77.05727,
                            -12.087427
                        ],
                        [
                            -77.057285,
                            -12.087395
                        ],
                        [
                            -77.057306,
                            -12.087337
                        ],
                        [
                            -77.057326,
                            -12.087258
                        ],
                        [
                            -77.057396,
                            -12.08719
                        ],
                        [
                            -77.057545,
                            -12.087065
                        ],
                        [
                            -77.057802,
                            -12.086857
                        ],
                        [
                            -77.058161,
                            -12.08729
                        ],
                        [
                            -77.057343,
                            -12.087952
                        ],
                        [
                            -77.057574,
                            -12.088214
                        ],
                        [
                            -77.057826,
                            -12.088003
                        ],
                        [
                            -77.058222,
                            -12.088454
                        ],
                        [
                            -77.058036,
                            -12.088609
                        ],
                        [
                            -77.058658,
                            -12.089383
                        ],
                        [
                            -77.058546,
                            -12.08946
                        ],
                        [
                            -77.058399,
                            -12.08956
                        ],
                        [
                            -77.058214,
                            -12.089685
                        ],
                        [
                            -77.05802,
                            -12.089815
                        ],
                        [
                            -77.057772,
                            -12.089981
                        ],
                        [
                            -77.057728,
                            -12.089921
                        ],
                        [
                            -77.057584,
                            -12.089719
                        ],
                        [
                            -77.057347,
                            -12.089387
                        ],
                        [
                            -77.057187,
                            -12.089155
                        ],
                        [
                            -77.057027,
                            -12.088917
                        ],
                        [
                            -77.056798,
                            -12.088578
                        ],
                        [
                            -77.056608,
                            -12.088294
                        ],
                        [
                            -77.056375,
                            -12.087951
                        ],
                        [
                            -77.05619,
                            -12.087709
                        ],
                        [
                            -77.056166,
                            -12.087683
                        ],
                        [
                            -77.05611,
                            -12.087629
                        ],
                        [
                            -77.055927,
                            -12.087476
                        ],
                        [
                            -77.055835,
                            -12.087401
                        ],
                        [
                            -77.05661,
                            -12.08675
                        ]
                    ]
                ]
            },
            "properties": {
                "cuadrante": "8C2"
            }
        },
        {
            "type": "Feature",
            "geometry": {
                "type": "Polygon",
                "coordinates": [
                    [
                        [
                            -77.058161,
                            -12.08729
                        ],
                        [
                            -77.058204,
                            -12.08734
                        ],
                        [
                            -77.058207,
                            -12.087338
                        ],
                        [
                            -77.058418,
                            -12.087175
                        ],
                        [
                            -77.058486,
                            -12.087259
                        ],
                        [
                            -77.058708,
                            -12.087524
                        ],
                        [
                            -77.058874,
                            -12.087726
                        ],
                        [
                            -77.059107,
                            -12.088012
                        ],
                        [
                            -77.059352,
                            -12.088311
                        ],
                        [
                            -77.059584,
                            -12.088587
                        ],
                        [
                            -77.059679,
                            -12.088705
                        ],
                        [
                            -77.059526,
                            -12.088809
                        ],
                        [
                            -77.059343,
                            -12.088933
                        ],
                        [
                            -77.059147,
                            -12.089064
                        ],
                        [
                            -77.058954,
                            -12.089193
                        ],
                        [
                            -77.058779,
                            -12.089306
                        ],
                        [
                            -77.058689,
                            -12.089363
                        ],
                        [
                            -77.058658,
                            -12.089383
                        ],
                        [
                            -77.058036,
                            -12.088609
                        ],
                        [
                            -77.058222,
                            -12.088454
                        ],
                        [
                            -77.057826,
                            -12.088003
                        ],
                        [
                            -77.057574,
                            -12.088214
                        ],
                        [
                            -77.057343,
                            -12.087952
                        ],
                        [
                            -77.058161,
                            -12.08729
                        ]
                    ]
                ]
            },
            "properties": {
                "cuadrante": "8C1"
            }
        },
        {
            "type": "Feature",
            "geometry": {
                "type": "Polygon",
                "coordinates": [
                    [
                        [
                            -77.061633,
                            -12.084597
                        ],
                        [
                            -77.061653,
                            -12.084625
                        ],
                        [
                            -77.061794,
                            -12.084794
                        ],
                        [
                            -77.062055,
                            -12.085129
                        ],
                        [
                            -77.062312,
                            -12.085455
                        ],
                        [
                            -77.062495,
                            -12.085688
                        ],
                        [
                            -77.06254,
                            -12.085728
                        ],
                        [
                            -77.062543,
                            -12.085746
                        ],
                        [
                            -77.062665,
                            -12.085885
                        ],
                        [
                            -77.062896,
                            -12.086149
                        ],
                        [
                            -77.063111,
                            -12.086396
                        ],
                        [
                            -77.063161,
                            -12.086455
                        ],
                        [
                            -77.062912,
                            -12.086648
                        ],
                        [
                            -77.06285,
                            -12.086688
                        ],
                        [
                            -77.062761,
                            -12.086746
                        ],
                        [
                            -77.062632,
                            -12.086826
                        ],
                        [
                            -77.062488,
                            -12.086919
                        ],
                        [
                            -77.062379,
                            -12.086987
                        ],
                        [
                            -77.062303,
                            -12.087036
                        ],
                        [
                            -77.062188,
                            -12.087109
                        ],
                        [
                            -77.062103,
                            -12.087164
                        ],
                        [
                            -77.062038,
                            -12.087204
                        ],
                        [
                            -77.061856,
                            -12.08732
                        ],
                        [
                            -77.061686,
                            -12.087431
                        ],
                        [
                            -77.061603,
                            -12.087476
                        ],
                        [
                            -77.061491,
                            -12.087537
                        ],
                        [
                            -77.061391,
                            -12.087591
                        ],
                        [
                            -77.06133,
                            -12.087629
                        ],
                        [
                            -77.061226,
                            -12.087695
                        ],
                        [
                            -77.061077,
                            -12.08779
                        ],
                        [
                            -77.061038,
                            -12.087818
                        ],
                        [
                            -77.060981,
                            -12.087855
                        ],
                        [
                            -77.060937,
                            -12.087878
                        ],
                        [
                            -77.060751,
                            -12.088004
                        ],
                        [
                            -77.060579,
                            -12.088117
                        ],
                        [
                            -77.060414,
                            -12.088226
                        ],
                        [
                            -77.060259,
                            -12.088327
                        ],
                        [
                            -77.060048,
                            -12.088466
                        ],
                        [
                            -77.059878,
                            -12.088578
                        ],
                        [
                            -77.059727,
                            -12.088677
                        ],
                        [
                            -77.059678,
                            -12.088617
                        ],
                        [
                            -77.05942,
                            -12.088306
                        ],
                        [
                            -77.059384,
                            -12.088257
                        ],
                        [
                            -77.058759,
                            -12.087504
                        ],
                        [
                            -77.05872,
                            -12.08746
                        ],
                        [
                            -77.058462,
                            -12.087146
                        ],
                        [
                            -77.061633,
                            -12.084597
                        ]
                    ]
                ]
            },
            "properties": {
                "cuadrante": "7B2"
            }
        },
        {
            "type": "Feature",
            "geometry": {
                "type": "Polygon",
                "coordinates": [
                    [
                        [
                            -77.060698,
                            -12.083469
                        ],
                        [
                            -77.060808,
                            -12.083602
                        ],
                        [
                            -77.060949,
                            -12.083774
                        ],
                        [
                            -77.061081,
                            -12.083934
                        ],
                        [
                            -77.061196,
                            -12.084074
                        ],
                        [
                            -77.061324,
                            -12.084229
                        ],
                        [
                            -77.061392,
                            -12.084313
                        ],
                        [
                            -77.061461,
                            -12.084395
                        ],
                        [
                            -77.061552,
                            -12.084503
                        ],
                        [
                            -77.061593,
                            -12.084551
                        ],
                        [
                            -77.061609,
                            -12.084571
                        ],
                        [
                            -77.061633,
                            -12.084597
                        ],
                        [
                            -77.058462,
                            -12.087146
                        ],
                        [
                            -77.058415,
                            -12.08709
                        ],
                        [
                            -77.058201,
                            -12.08726
                        ],
                        [
                            -77.057987,
                            -12.087001
                        ],
                        [
                            -77.057809,
                            -12.086785
                        ],
                        [
                            -77.057769,
                            -12.086817
                        ],
                        [
                            -77.057632,
                            -12.086927
                        ],
                        [
                            -77.057485,
                            -12.087047
                        ],
                        [
                            -77.05741,
                            -12.087112
                        ],
                        [
                            -77.057323,
                            -12.087187
                        ],
                        [
                            -77.057257,
                            -12.087307
                        ],
                        [
                            -77.05725,
                            -12.087336
                        ],
                        [
                            -77.057241,
                            -12.087366
                        ],
                        [
                            -77.057228,
                            -12.087394
                        ],
                        [
                            -77.057211,
                            -12.087417
                        ],
                        [
                            -77.057193,
                            -12.087434
                        ],
                        [
                            -77.057173,
                            -12.087443
                        ],
                        [
                            -77.057144,
                            -12.087444
                        ],
                        [
                            -77.057122,
                            -12.087436
                        ],
                        [
                            -77.057094,
                            -12.08742
                        ],
                        [
                            -77.057077,
                            -12.087402
                        ],
                        [
                            -77.057068,
                            -12.087364
                        ],
                        [
                            -77.057075,
                            -12.087304
                        ],
                        [
                            -77.057088,
                            -12.087246
                        ],
                        [
                            -77.05706,
                            -12.087214
                        ],
                        [
                            -77.056907,
                            -12.087033
                        ],
                        [
                            -77.056705,
                            -12.086785
                        ],
                        [
                            -77.056521,
                            -12.086558
                        ],
                        [
                            -77.056315,
                            -12.086327
                        ],
                        [
                            -77.056266,
                            -12.086295
                        ],
                        [
                            -77.056215,
                            -12.086272
                        ],
                        [
                            -77.056168,
                            -12.086247
                        ],
                        [
                            -77.056122,
                            -12.086205
                        ],
                        [
                            -77.056054,
                            -12.086126
                        ],
                        [
                            -77.055851,
                            -12.085865
                        ],
                        [
                            -77.056915,
                            -12.085015
                        ],
                        [
                            -77.057354,
                            -12.085558
                        ],
                        [
                            -77.057293,
                            -12.085601
                        ],
                        [
                            -77.057435,
                            -12.085781
                        ],
                        [
                            -77.058668,
                            -12.084818
                        ],
                        [
                            -77.058823,
                            -12.085002
                        ],
                        [
                            -77.060698,
                            -12.083469
                        ]
                    ]
                ]
            },
            "properties": {
                "cuadrante": "7B1"
            }
        },
        {
            "type": "Feature",
            "geometry": {
                "type": "Polygon",
                "coordinates": [
                    [
                        [
                            -77.059611,
                            -12.084357
                        ],
                        [
                            -77.058823,
                            -12.085001
                        ],
                        [
                            -77.058669,
                            -12.084818
                        ],
                        [
                            -77.056495,
                            -12.082182
                        ],
                        [
                            -77.056555,
                            -12.082132
                        ],
                        [
                            -77.056662,
                            -12.082044
                        ],
                        [
                            -77.056768,
                            -12.081955
                        ],
                        [
                            -77.056915,
                            -12.08183
                        ],
                        [
                            -77.056955,
                            -12.081798
                        ],
                        [
                            -77.057135,
                            -12.08166
                        ],
                        [
                            -77.057294,
                            -12.081534
                        ],
                        [
                            -77.059611,
                            -12.084357
                        ]
                    ]
                ]
            },
            "properties": {
                "cuadrante": "7C2"
            }
        },
        {
            "type": "Feature",
            "geometry": {
                "type": "Polygon",
                "coordinates": [
                    [
                        [
                            -77.058394,
                            -12.080656
                        ],
                        [
                            -77.058417,
                            -12.080684
                        ],
                        [
                            -77.058454,
                            -12.080729
                        ],
                        [
                            -77.058555,
                            -12.080852
                        ],
                        [
                            -77.058696,
                            -12.081025
                        ],
                        [
                            -77.058825,
                            -12.081182
                        ],
                        [
                            -77.058954,
                            -12.081339
                        ],
                        [
                            -77.059099,
                            -12.081516
                        ],
                        [
                            -77.059236,
                            -12.081684
                        ],
                        [
                            -77.059372,
                            -12.081849
                        ],
                        [
                            -77.059494,
                            -12.082002
                        ],
                        [
                            -77.059598,
                            -12.08213
                        ],
                        [
                            -77.059713,
                            -12.082273
                        ],
                        [
                            -77.059809,
                            -12.082393
                        ],
                        [
                            -77.059923,
                            -12.082534
                        ],
                        [
                            -77.060039,
                            -12.082676
                        ],
                        [
                            -77.060171,
                            -12.082834
                        ],
                        [
                            -77.060293,
                            -12.082983
                        ],
                        [
                            -77.060426,
                            -12.083141
                        ],
                        [
                            -77.060542,
                            -12.083282
                        ],
                        [
                            -77.060689,
                            -12.083458
                        ],
                        [
                            -77.060698,
                            -12.083469
                        ],
                        [
                            -77.059611,
                            -12.084357
                        ],
                        [
                            -77.057294,
                            -12.081534
                        ],
                        [
                            -77.057334,
                            -12.081501
                        ],
                        [
                            -77.0575,
                            -12.081369
                        ],
                        [
                            -77.057669,
                            -12.081236
                        ],
                        [
                            -77.057856,
                            -12.081086
                        ],
                        [
                            -77.058002,
                            -12.08097
                        ],
                        [
                            -77.058164,
                            -12.080841
                        ],
                        [
                            -77.058232,
                            -12.08079
                        ],
                        [
                            -77.058293,
                            -12.08074
                        ],
                        [
                            -77.058353,
                            -12.080691
                        ],
                        [
                            -77.058375,
                            -12.080674
                        ],
                        [
                            -77.058394,
                            -12.080656
                        ]
                    ]
                ]
            },
            "properties": {
                "cuadrante": "7C1"
            }
        },
        {
            "type": "Feature",
            "geometry": {
                "type": "Polygon",
                "coordinates": [
                    [
                        [
                            -77.058669,
                            -12.084818
                        ],
                        [
                            -77.057932,
                            -12.085393
                        ],
                        [
                            -77.056369,
                            -12.083486
                        ],
                        [
                            -77.056324,
                            -12.083502
                        ],
                        [
                            -77.056272,
                            -12.083523
                        ],
                        [
                            -77.056223,
                            -12.083543
                        ],
                        [
                            -77.056198,
                            -12.083557
                        ],
                        [
                            -77.056139,
                            -12.083585
                        ],
                        [
                            -77.056105,
                            -12.083602
                        ],
                        [
                            -77.056035,
                            -12.08365
                        ],
                        [
                            -77.056011,
                            -12.083665
                        ],
                        [
                            -77.055969,
                            -12.083694
                        ],
                        [
                            -77.055884,
                            -12.083755
                        ],
                        [
                            -77.055761,
                            -12.083845
                        ],
                        [
                            -77.055723,
                            -12.083879
                        ],
                        [
                            -77.055682,
                            -12.08391
                        ],
                        [
                            -77.055651,
                            -12.083874
                        ],
                        [
                            -77.055624,
                            -12.083845
                        ],
                        [
                            -77.055594,
                            -12.083802
                        ],
                        [
                            -77.055561,
                            -12.083755
                        ],
                        [
                            -77.055527,
                            -12.083701
                        ],
                        [
                            -77.055477,
                            -12.083619
                        ],
                        [
                            -77.055452,
                            -12.083553
                        ],
                        [
                            -77.055424,
                            -12.083496
                        ],
                        [
                            -77.055409,
                            -12.083456
                        ],
                        [
                            -77.055377,
                            -12.083374
                        ],
                        [
                            -77.055347,
                            -12.083295
                        ],
                        [
                            -77.055297,
                            -12.083192
                        ],
                        [
                            -77.055251,
                            -12.083102
                        ],
                        [
                            -77.055299,
                            -12.083076
                        ],
                        [
                            -77.055419,
                            -12.083006
                        ],
                        [
                            -77.055693,
                            -12.082817
                        ],
                        [
                            -77.056166,
                            -12.082445
                        ],
                        [
                            -77.056495,
                            -12.082182
                        ],
                        [
                            -77.058669,
                            -12.084818
                        ]
                    ]
                ]
            },
            "properties": {
                "cuadrante": "7A2"
            }
        },
        {
            "type": "Feature",
            "geometry": {
                "type": "Polygon",
                "coordinates": [
                    [
                        [
                            -77.057435,
                            -12.085781
                        ],
                        [
                            -77.057293,
                            -12.085601
                        ],
                        [
                            -77.057354,
                            -12.085558
                        ],
                        [
                            -77.056915,
                            -12.085015
                        ],
                        [
                            -77.055851,
                            -12.085865
                        ],
                        [
                            -77.055816,
                            -12.085817
                        ],
                        [
                            -77.055719,
                            -12.08567
                        ],
                        [
                            -77.055467,
                            -12.08529
                        ],
                        [
                            -77.055432,
                            -12.085235
                        ],
                        [
                            -77.055147,
                            -12.084801
                        ],
                        [
                            -77.054978,
                            -12.08454
                        ],
                        [
                            -77.054945,
                            -12.084486
                        ],
                        [
                            -77.054814,
                            -12.084285
                        ],
                        [
                            -77.054577,
                            -12.083926
                        ],
                        [
                            -77.054353,
                            -12.083584
                        ],
                        [
                            -77.054253,
                            -12.083443
                        ],
                        [
                            -77.054417,
                            -12.083407
                        ],
                        [
                            -77.054766,
                            -12.083313
                        ],
                        [
                            -77.055096,
                            -12.083178
                        ],
                        [
                            -77.055251,
                            -12.083102
                        ],
                        [
                            -77.055297,
                            -12.083192
                        ],
                        [
                            -77.055347,
                            -12.083295
                        ],
                        [
                            -77.055377,
                            -12.083374
                        ],
                        [
                            -77.055409,
                            -12.083456
                        ],
                        [
                            -77.055424,
                            -12.083496
                        ],
                        [
                            -77.055452,
                            -12.083553
                        ],
                        [
                            -77.055477,
                            -12.083619
                        ],
                        [
                            -77.055527,
                            -12.083701
                        ],
                        [
                            -77.055561,
                            -12.083755
                        ],
                        [
                            -77.055594,
                            -12.083802
                        ],
                        [
                            -77.055624,
                            -12.083845
                        ],
                        [
                            -77.055651,
                            -12.083874
                        ],
                        [
                            -77.055682,
                            -12.08391
                        ],
                        [
                            -77.055723,
                            -12.083879
                        ],
                        [
                            -77.055761,
                            -12.083845
                        ],
                        [
                            -77.055884,
                            -12.083755
                        ],
                        [
                            -77.055969,
                            -12.083694
                        ],
                        [
                            -77.056011,
                            -12.083665
                        ],
                        [
                            -77.056035,
                            -12.08365
                        ],
                        [
                            -77.056105,
                            -12.083602
                        ],
                        [
                            -77.056139,
                            -12.083585
                        ],
                        [
                            -77.056198,
                            -12.083557
                        ],
                        [
                            -77.056223,
                            -12.083543
                        ],
                        [
                            -77.056272,
                            -12.083523
                        ],
                        [
                            -77.056324,
                            -12.083502
                        ],
                        [
                            -77.056369,
                            -12.083486
                        ],
                        [
                            -77.057932,
                            -12.085393
                        ],
                        [
                            -77.057435,
                            -12.085781
                        ]
                    ]
                ]
            },
            "properties": {
                "cuadrante": "7A1"
            }
        },
        {
            "type": "Feature",
            "geometry": {
                "type": "Polygon",
                "coordinates": [
                    [
                        [
                            -77.051226,
                            -12.078781
                        ],
                        [
                            -77.051191,
                            -12.078738
                        ],
                        [
                            -77.050991,
                            -12.078495
                        ],
                        [
                            -77.050727,
                            -12.07818
                        ],
                        [
                            -77.050432,
                            -12.077826
                        ],
                        [
                            -77.050388,
                            -12.077777
                        ],
                        [
                            -77.050298,
                            -12.077668
                        ],
                        [
                            -77.049607,
                            -12.076835
                        ],
                        [
                            -77.049944,
                            -12.076561
                        ],
                        [
                            -77.050142,
                            -12.076402
                        ],
                        [
                            -77.050351,
                            -12.07623
                        ],
                        [
                            -77.050398,
                            -12.076196
                        ],
                        [
                            -77.050686,
                            -12.075967
                        ],
                        [
                            -77.051117,
                            -12.075624
                        ],
                        [
                            -77.051175,
                            -12.075581
                        ],
                        [
                            -77.052814,
                            -12.07754
                        ],
                        [
                            -77.051226,
                            -12.078781
                        ]
                    ]
                ]
            },
            "properties": {
                "cuadrante": "6A1"
            }
        },
        {
            "type": "Feature",
            "geometry": {
                "type": "Polygon",
                "coordinates": [
                    [
                        [
                            -77.056501,
                            -12.081982
                        ],
                        [
                            -77.056413,
                            -12.082051
                        ],
                        [
                            -77.056322,
                            -12.082121
                        ],
                        [
                            -77.056191,
                            -12.082226
                        ],
                        [
                            -77.05598,
                            -12.082385
                        ],
                        [
                            -77.055725,
                            -12.082584
                        ],
                        [
                            -77.055578,
                            -12.082685
                        ],
                        [
                            -77.055437,
                            -12.082775
                        ],
                        [
                            -77.055299,
                            -12.082859
                        ],
                        [
                            -77.055146,
                            -12.082942
                        ],
                        [
                            -77.054961,
                            -12.083025
                        ],
                        [
                            -77.054764,
                            -12.083106
                        ],
                        [
                            -77.054466,
                            -12.0832
                        ],
                        [
                            -77.054151,
                            -12.083277
                        ],
                        [
                            -77.053995,
                            -12.083018
                        ],
                        [
                            -77.05392,
                            -12.082861
                        ],
                        [
                            -77.05388,
                            -12.082736
                        ],
                        [
                            -77.053866,
                            -12.082677
                        ],
                        [
                            -77.053839,
                            -12.082527
                        ],
                        [
                            -77.053823,
                            -12.082266
                        ],
                        [
                            -77.053868,
                            -12.081987
                        ],
                        [
                            -77.053929,
                            -12.081788
                        ],
                        [
                            -77.053961,
                            -12.081717
                        ],
                        [
                            -77.053915,
                            -12.081693
                        ],
                        [
                            -77.053819,
                            -12.081658
                        ],
                        [
                            -77.053705,
                            -12.081605
                        ],
                        [
                            -77.053596,
                            -12.081542
                        ],
                        [
                            -77.053548,
                            -12.081508
                        ],
                        [
                            -77.053485,
                            -12.08146
                        ],
                        [
                            -77.053386,
                            -12.081362
                        ],
                        [
                            -77.05328,
                            -12.081234
                        ],
                        [
                            -77.054831,
                            -12.079978
                        ],
                        [
                            -77.056501,
                            -12.081982
                        ]
                    ]
                ]
            },
            "properties": {
                "cuadrante": "6B2"
            }
        },
        {
            "type": "Feature",
            "geometry": {
                "type": "Polygon",
                "coordinates": [
                    [
                        [
                            -77.05328,
                            -12.081234
                        ],
                        [
                            -77.053248,
                            -12.081194
                        ],
                        [
                            -77.053131,
                            -12.081044
                        ],
                        [
                            -77.052884,
                            -12.080735
                        ],
                        [
                            -77.052849,
                            -12.080694
                        ],
                        [
                            -77.052521,
                            -12.08031
                        ],
                        [
                            -77.052215,
                            -12.079947
                        ],
                        [
                            -77.051961,
                            -12.079647
                        ],
                        [
                            -77.05164,
                            -12.079269
                        ],
                        [
                            -77.051458,
                            -12.079053
                        ],
                        [
                            -77.051226,
                            -12.078781
                        ],
                        [
                            -77.052814,
                            -12.07754
                        ],
                        [
                            -77.054831,
                            -12.079978
                        ],
                        [
                            -77.05328,
                            -12.081234
                        ]
                    ]
                ]
            },
            "properties": {
                "cuadrante": "6B1"
            }
        },
        {
            "type": "Feature",
            "geometry": {
                "type": "Polygon",
                "coordinates": [
                    [
                        [
                            -77.052997,
                            -12.074142
                        ],
                        [
                            -77.053026,
                            -12.074174
                        ],
                        [
                            -77.053037,
                            -12.074187
                        ],
                        [
                            -77.053168,
                            -12.074345
                        ],
                        [
                            -77.053263,
                            -12.074456
                        ],
                        [
                            -77.053376,
                            -12.074592
                        ],
                        [
                            -77.053469,
                            -12.074704
                        ],
                        [
                            -77.053555,
                            -12.074806
                        ],
                        [
                            -77.053669,
                            -12.074942
                        ],
                        [
                            -77.053799,
                            -12.075095
                        ],
                        [
                            -77.053841,
                            -12.075146
                        ],
                        [
                            -77.053887,
                            -12.075203
                        ],
                        [
                            -77.053977,
                            -12.075314
                        ],
                        [
                            -77.054114,
                            -12.075482
                        ],
                        [
                            -77.054257,
                            -12.075655
                        ],
                        [
                            -77.054357,
                            -12.075778
                        ],
                        [
                            -77.054382,
                            -12.07581
                        ],
                        [
                            -77.054428,
                            -12.075864
                        ],
                        [
                            -77.05457,
                            -12.076038
                        ],
                        [
                            -77.054632,
                            -12.076112
                        ],
                        [
                            -77.052814,
                            -12.07754
                        ],
                        [
                            -77.051175,
                            -12.075581
                        ],
                        [
                            -77.051479,
                            -12.07534
                        ],
                        [
                            -77.051915,
                            -12.074988
                        ],
                        [
                            -77.051973,
                            -12.074943
                        ],
                        [
                            -77.05243,
                            -12.074578
                        ],
                        [
                            -77.0529,
                            -12.074199
                        ],
                        [
                            -77.052997,
                            -12.074142
                        ]
                    ]
                ]
            },
            "properties": {
                "cuadrante": "6A2"
            }
        },
        {
            "type": "Feature",
            "geometry": {
                "type": "Polygon",
                "coordinates": [
                    [
                        [
                            -77.054632,
                            -12.076112
                        ],
                        [
                            -77.05467,
                            -12.076157
                        ],
                        [
                            -77.054772,
                            -12.076279
                        ],
                        [
                            -77.054915,
                            -12.076451
                        ],
                        [
                            -77.055052,
                            -12.076614
                        ],
                        [
                            -77.055216,
                            -12.07681
                        ],
                        [
                            -77.055392,
                            -12.077019
                        ],
                        [
                            -77.055577,
                            -12.077246
                        ],
                        [
                            -77.055782,
                            -12.077495
                        ],
                        [
                            -77.055974,
                            -12.077728
                        ],
                        [
                            -77.056131,
                            -12.077919
                        ],
                        [
                            -77.056243,
                            -12.078051
                        ],
                        [
                            -77.055141,
                            -12.078943
                        ],
                        [
                            -77.055907,
                            -12.079866
                        ],
                        [
                            -77.055206,
                            -12.080429
                        ],
                        [
                            -77.054831,
                            -12.079978
                        ],
                        [
                            -77.052814,
                            -12.07754
                        ],
                        [
                            -77.054632,
                            -12.076112
                        ]
                    ]
                ]
            },
            "properties": {
                "cuadrante": "6C1"
            }
        },
        {
            "type": "Feature",
            "geometry": {
                "type": "Polygon",
                "coordinates": [
                    [
                        [
                            -77.056243,
                            -12.078051
                        ],
                        [
                            -77.056332,
                            -12.078161
                        ],
                        [
                            -77.056508,
                            -12.078372
                        ],
                        [
                            -77.056695,
                            -12.078595
                        ],
                        [
                            -77.056755,
                            -12.078669
                        ],
                        [
                            -77.05687,
                            -12.078808
                        ],
                        [
                            -77.05705,
                            -12.079027
                        ],
                        [
                            -77.057253,
                            -12.079275
                        ],
                        [
                            -77.05743,
                            -12.079488
                        ],
                        [
                            -77.057641,
                            -12.079742
                        ],
                        [
                            -77.057823,
                            -12.079962
                        ],
                        [
                            -77.058067,
                            -12.080255
                        ],
                        [
                            -77.05822,
                            -12.080439
                        ],
                        [
                            -77.058304,
                            -12.080541
                        ],
                        [
                            -77.058285,
                            -12.080558
                        ],
                        [
                            -77.058206,
                            -12.080623
                        ],
                        [
                            -77.058071,
                            -12.080727
                        ],
                        [
                            -77.057947,
                            -12.080823
                        ],
                        [
                            -77.057851,
                            -12.080899
                        ],
                        [
                            -77.057709,
                            -12.081011
                        ],
                        [
                            -77.057666,
                            -12.081043
                        ],
                        [
                            -77.057264,
                            -12.081362
                        ],
                        [
                            -77.057204,
                            -12.081409
                        ],
                        [
                            -77.056501,
                            -12.081982
                        ],
                        [
                            -77.055206,
                            -12.080429
                        ],
                        [
                            -77.055907,
                            -12.079866
                        ],
                        [
                            -77.055141,
                            -12.078943
                        ],
                        [
                            -77.056243,
                            -12.078051
                        ]
                    ]
                ]
            },
            "properties": {
                "cuadrante": "6C2"
            }
        },
        {
            "type": "Feature",
            "geometry": {
                "type": "Polygon",
                "coordinates": [
                    [
                        [
                            -77.046804,
                            -12.079504
                        ],
                        [
                            -77.046799,
                            -12.079423
                        ],
                        [
                            -77.046795,
                            -12.079292
                        ],
                        [
                            -77.046812,
                            -12.079169
                        ],
                        [
                            -77.046859,
                            -12.079051
                        ],
                        [
                            -77.046905,
                            -12.07899
                        ],
                        [
                            -77.046986,
                            -12.07893
                        ],
                        [
                            -77.047339,
                            -12.078645
                        ],
                        [
                            -77.047996,
                            -12.078121
                        ],
                        [
                            -77.048337,
                            -12.078529
                        ],
                        [
                            -77.048536,
                            -12.078805
                        ],
                        [
                            -77.048597,
                            -12.079205
                        ],
                        [
                            -77.048609,
                            -12.079306
                        ],
                        [
                            -77.048654,
                            -12.080155
                        ],
                        [
                            -77.047799,
                            -12.08026
                        ],
                        [
                            -77.047793,
                            -12.079529
                        ],
                        [
                            -77.047757,
                            -12.079398
                        ],
                        [
                            -77.046804,
                            -12.079504
                        ]
                    ]
                ]
            },
            "properties": {
                "cuadrante": "5A2"
            }
        },
        {
            "type": "Feature",
            "geometry": {
                "type": "Polygon",
                "coordinates": [
                    [
                        [
                            -77.048746,
                            -12.081865
                        ],
                        [
                            -77.048487,
                            -12.081835
                        ],
                        [
                            -77.048176,
                            -12.081822
                        ],
                        [
                            -77.047573,
                            -12.081858
                        ],
                        [
                            -77.047314,
                            -12.081899
                        ],
                        [
                            -77.046983,
                            -12.081969
                        ],
                        [
                            -77.046381,
                            -12.082113
                        ],
                        [
                            -77.045928,
                            -12.082223
                        ],
                        [
                            -77.045798,
                            -12.081266
                        ],
                        [
                            -77.0458,
                            -12.081234
                        ],
                        [
                            -77.045817,
                            -12.081223
                        ],
                        [
                            -77.046144,
                            -12.081211
                        ],
                        [
                            -77.046594,
                            -12.081195
                        ],
                        [
                            -77.046867,
                            -12.081187
                        ],
                        [
                            -77.046868,
                            -12.081133
                        ],
                        [
                            -77.046864,
                            -12.080925
                        ],
                        [
                            -77.046854,
                            -12.080586
                        ],
                        [
                            -77.046835,
                            -12.08022
                        ],
                        [
                            -77.046821,
                            -12.079911
                        ],
                        [
                            -77.046804,
                            -12.079504
                        ],
                        [
                            -77.047757,
                            -12.079398
                        ],
                        [
                            -77.047793,
                            -12.079529
                        ],
                        [
                            -77.047799,
                            -12.08026
                        ],
                        [
                            -77.048654,
                            -12.080155
                        ],
                        [
                            -77.048746,
                            -12.081865
                        ]
                    ]
                ]
            },
            "properties": {
                "cuadrante": "5A1"
            }
        },
        {
            "type": "Feature",
            "geometry": {
                "type": "Polygon",
                "coordinates": [
                    [
                        [
                            -77.048708,
                            -12.08116
                        ],
                        [
                            -77.048609,
                            -12.079306
                        ],
                        [
                            -77.048597,
                            -12.079205
                        ],
                        [
                            -77.048536,
                            -12.078805
                        ],
                        [
                            -77.048337,
                            -12.078529
                        ],
                        [
                            -77.047996,
                            -12.078121
                        ],
                        [
                            -77.048775,
                            -12.077499
                        ],
                        [
                            -77.051211,
                            -12.080432
                        ],
                        [
                            -77.050621,
                            -12.080893
                        ],
                        [
                            -77.050476,
                            -12.080973
                        ],
                        [
                            -77.0504,
                            -12.081005
                        ],
                        [
                            -77.050319,
                            -12.081036
                        ],
                        [
                            -77.050086,
                            -12.081093
                        ],
                        [
                            -77.048708,
                            -12.08116
                        ]
                    ]
                ]
            },
            "properties": {
                "cuadrante": "5B1"
            }
        },
        {
            "type": "Feature",
            "geometry": {
                "type": "Polygon",
                "coordinates": [
                    [
                        [
                            -77.052137,
                            -12.083054
                        ],
                        [
                            -77.051272,
                            -12.082719
                        ],
                        [
                            -77.050724,
                            -12.082511
                        ],
                        [
                            -77.050381,
                            -12.082374
                        ],
                        [
                            -77.049953,
                            -12.082213
                        ],
                        [
                            -77.049649,
                            -12.082096
                        ],
                        [
                            -77.049307,
                            -12.081984
                        ],
                        [
                            -77.04911,
                            -12.081934
                        ],
                        [
                            -77.048822,
                            -12.081877
                        ],
                        [
                            -77.048746,
                            -12.081865
                        ],
                        [
                            -77.048703,
                            -12.081166
                        ],
                        [
                            -77.050086,
                            -12.081093
                        ],
                        [
                            -77.050319,
                            -12.081036
                        ],
                        [
                            -77.0504,
                            -12.081005
                        ],
                        [
                            -77.050476,
                            -12.080973
                        ],
                        [
                            -77.050621,
                            -12.080893
                        ],
                        [
                            -77.051211,
                            -12.080432
                        ],
                        [
                            -77.052322,
                            -12.081769
                        ],
                        [
                            -77.052394,
                            -12.081911
                        ],
                        [
                            -77.052435,
                            -12.08203
                        ],
                        [
                            -77.052453,
                            -12.082247
                        ],
                        [
                            -77.052445,
                            -12.082321
                        ],
                        [
                            -77.052404,
                            -12.082507
                        ],
                        [
                            -77.052137,
                            -12.083054
                        ]
                    ]
                ]
            },
            "properties": {
                "cuadrante": "5C1"
            }
        },
        {
            "type": "Feature",
            "geometry": {
                "type": "Polygon",
                "coordinates": [
                    [
                        [
                            -77.049562,
                            -12.076871
                        ],
                        [
                            -77.049622,
                            -12.076943
                        ],
                        [
                            -77.049663,
                            -12.076992
                        ],
                        [
                            -77.049775,
                            -12.077125
                        ],
                        [
                            -77.049973,
                            -12.077365
                        ],
                        [
                            -77.050209,
                            -12.077649
                        ],
                        [
                            -77.050283,
                            -12.077736
                        ],
                        [
                            -77.050393,
                            -12.07786
                        ],
                        [
                            -77.051189,
                            -12.078818
                        ],
                        [
                            -77.052013,
                            -12.079786
                        ],
                        [
                            -77.051211,
                            -12.080432
                        ],
                        [
                            -77.048775,
                            -12.077499
                        ],
                        [
                            -77.048862,
                            -12.077442
                        ],
                        [
                            -77.049562,
                            -12.076871
                        ]
                    ]
                ]
            },
            "properties": {
                "cuadrante": "5B2"
            }
        },
        {
            "type": "Feature",
            "geometry": {
                "type": "Polygon",
                "coordinates": [
                    [
                        [
                            -77.052013,
                            -12.079786
                        ],
                        [
                            -77.052843,
                            -12.080773
                        ],
                        [
                            -77.052953,
                            -12.080911
                        ],
                        [
                            -77.053168,
                            -12.081179
                        ],
                        [
                            -77.053344,
                            -12.081393
                        ],
                        [
                            -77.053378,
                            -12.08143
                        ],
                        [
                            -77.053445,
                            -12.081496
                        ],
                        [
                            -77.053477,
                            -12.081521
                        ],
                        [
                            -77.053551,
                            -12.081578
                        ],
                        [
                            -77.053654,
                            -12.081639
                        ],
                        [
                            -77.053702,
                            -12.081662
                        ],
                        [
                            -77.053888,
                            -12.081745
                        ],
                        [
                            -77.053873,
                            -12.081775
                        ],
                        [
                            -77.05386,
                            -12.081825
                        ],
                        [
                            -77.05384,
                            -12.081895
                        ],
                        [
                            -77.053815,
                            -12.081969
                        ],
                        [
                            -77.053793,
                            -12.082099
                        ],
                        [
                            -77.053781,
                            -12.082162
                        ],
                        [
                            -77.053774,
                            -12.082206
                        ],
                        [
                            -77.053767,
                            -12.082269
                        ],
                        [
                            -77.05377,
                            -12.082335
                        ],
                        [
                            -77.05377,
                            -12.082385
                        ],
                        [
                            -77.053776,
                            -12.082461
                        ],
                        [
                            -77.053789,
                            -12.082563
                        ],
                        [
                            -77.053812,
                            -12.082698
                        ],
                        [
                            -77.053848,
                            -12.08283
                        ],
                        [
                            -77.053923,
                            -12.083006
                        ],
                        [
                            -77.054084,
                            -12.083287
                        ],
                        [
                            -77.053992,
                            -12.083299
                        ],
                        [
                            -77.053768,
                            -12.083327
                        ],
                        [
                            -77.053564,
                            -12.083333
                        ],
                        [
                            -77.053218,
                            -12.083318
                        ],
                        [
                            -77.052768,
                            -12.083246
                        ],
                        [
                            -77.052357,
                            -12.083136
                        ],
                        [
                            -77.052137,
                            -12.083054
                        ],
                        [
                            -77.052404,
                            -12.082507
                        ],
                        [
                            -77.052445,
                            -12.082321
                        ],
                        [
                            -77.052453,
                            -12.082247
                        ],
                        [
                            -77.052435,
                            -12.08203
                        ],
                        [
                            -77.052395,
                            -12.081911
                        ],
                        [
                            -77.052322,
                            -12.081769
                        ],
                        [
                            -77.051211,
                            -12.080432
                        ],
                        [
                            -77.052013,
                            -12.079786
                        ]
                    ]
                ]
            },
            "properties": {
                "cuadrante": "5C2"
            }
        },
        {
            "type": "Feature",
            "geometry": {
                "type": "Polygon",
                "coordinates": [
                    [
                        [
                            -77.046915,
                            -12.073834
                        ],
                        [
                            -77.046913,
                            -12.072498
                        ],
                        [
                            -77.047174,
                            -12.072281
                        ],
                        [
                            -77.047933,
                            -12.071671
                        ],
                        [
                            -77.048727,
                            -12.07104
                        ],
                        [
                            -77.049647,
                            -12.070296
                        ],
                        [
                            -77.04975,
                            -12.07021
                        ],
                        [
                            -77.049814,
                            -12.07028
                        ],
                        [
                            -77.049918,
                            -12.070403
                        ],
                        [
                            -77.050296,
                            -12.070856
                        ],
                        [
                            -77.050571,
                            -12.071186
                        ],
                        [
                            -77.047268,
                            -12.07383
                        ],
                        [
                            -77.047178,
                            -12.07384
                        ],
                        [
                            -77.046915,
                            -12.073834
                        ]
                    ]
                ]
            },
            "properties": {
                "cuadrante": "4B2"
            }
        },
        {
            "type": "Feature",
            "geometry": {
                "type": "Polygon",
                "coordinates": [
                    [
                        [
                            -77.046915,
                            -12.073834
                        ],
                        [
                            -77.047178,
                            -12.07384
                        ],
                        [
                            -77.047268,
                            -12.07383
                        ],
                        [
                            -77.050571,
                            -12.071186
                        ],
                        [
                            -77.050956,
                            -12.071656
                        ],
                        [
                            -77.051379,
                            -12.072168
                        ],
                        [
                            -77.047604,
                            -12.075228
                        ],
                        [
                            -77.046928,
                            -12.075245
                        ],
                        [
                            -77.046915,
                            -12.073834
                        ]
                    ]
                ]
            },
            "properties": {
                "cuadrante": "4B1"
            }
        },
        {
            "type": "Feature",
            "geometry": {
                "type": "Polygon",
                "coordinates": [
                    [
                        [
                            -77.051379,
                            -12.072168
                        ],
                        [
                            -77.051539,
                            -12.072368
                        ],
                        [
                            -77.051811,
                            -12.072702
                        ],
                        [
                            -77.052146,
                            -12.073109
                        ],
                        [
                            -77.048707,
                            -12.075832
                        ],
                        [
                            -77.047961,
                            -12.074938
                        ],
                        [
                            -77.051379,
                            -12.072168
                        ]
                    ]
                ]
            },
            "properties": {
                "cuadrante": "4C2"
            }
        },
        {
            "type": "Feature",
            "geometry": {
                "type": "Polygon",
                "coordinates": [
                    [
                        [
                            -77.052146,
                            -12.073109
                        ],
                        [
                            -77.052456,
                            -12.073485
                        ],
                        [
                            -77.052809,
                            -12.073909
                        ],
                        [
                            -77.052955,
                            -12.074084
                        ],
                        [
                            -77.052859,
                            -12.074141
                        ],
                        [
                            -77.051869,
                            -12.074937
                        ],
                        [
                            -77.051077,
                            -12.075567
                        ],
                        [
                            -77.050301,
                            -12.076178
                        ],
                        [
                            -77.049494,
                            -12.075209
                        ],
                        [
                            -77.052146,
                            -12.073109
                        ]
                    ]
                ]
            },
            "properties": {
                "cuadrante": "4C1"
            }
        },
        {
            "type": "Feature",
            "geometry": {
                "type": "Polygon",
                "coordinates": [
                    [
                        [
                            -77.047604,
                            -12.075228
                        ],
                        [
                            -77.04767,
                            -12.075174
                        ],
                        [
                            -77.048044,
                            -12.076255
                        ],
                        [
                            -77.048026,
                            -12.076433
                        ],
                        [
                            -77.048065,
                            -12.076529
                        ],
                        [
                            -77.048783,
                            -12.077409
                        ],
                        [
                            -77.048702,
                            -12.077491
                        ],
                        [
                            -77.04796,
                            -12.078072
                        ],
                        [
                            -77.047367,
                            -12.078556
                        ],
                        [
                            -77.046579,
                            -12.077634
                        ],
                        [
                            -77.047036,
                            -12.077248
                        ],
                        [
                            -77.046953,
                            -12.077165
                        ],
                        [
                            -77.046933,
                            -12.076328
                        ],
                        [
                            -77.046927,
                            -12.075245
                        ],
                        [
                            -77.047604,
                            -12.075228
                        ]
                    ]
                ]
            },
            "properties": {
                "cuadrante": "4A2"
            }
        },
        {
            "type": "Feature",
            "geometry": {
                "type": "Polygon",
                "coordinates": [
                    [
                        [
                            -77.050301,
                            -12.076178
                        ],
                        [
                            -77.048783,
                            -12.077409
                        ],
                        [
                            -77.048065,
                            -12.076529
                        ],
                        [
                            -77.048026,
                            -12.076433
                        ],
                        [
                            -77.048044,
                            -12.076255
                        ],
                        [
                            -77.04767,
                            -12.075174
                        ],
                        [
                            -77.047961,
                            -12.074938
                        ],
                        [
                            -77.048707,
                            -12.075832
                        ],
                        [
                            -77.049494,
                            -12.075209
                        ],
                        [
                            -77.050301,
                            -12.076178
                        ]
                    ]
                ]
            },
            "properties": {
                "cuadrante": "4A1"
            }
        },
        {
            "type": "Feature",
            "geometry": {
                "type": "Polygon",
                "coordinates": [
                    [
                        [
                            -77.042266,
                            -12.075278
                        ],
                        [
                            -77.042017,
                            -12.073564
                        ],
                        [
                            -77.041941,
                            -12.073361
                        ],
                        [
                            -77.041858,
                            -12.073202
                        ],
                        [
                            -77.041647,
                            -12.072806
                        ],
                        [
                            -77.041708,
                            -12.0728
                        ],
                        [
                            -77.041776,
                            -12.072795
                        ],
                        [
                            -77.041975,
                            -12.072778
                        ],
                        [
                            -77.042537,
                            -12.072769
                        ],
                        [
                            -77.043488,
                            -12.072759
                        ],
                        [
                            -77.044705,
                            -12.07275
                        ],
                        [
                            -77.045093,
                            -12.07275
                        ],
                        [
                            -77.045104,
                            -12.075276
                        ],
                        [
                            -77.042266,
                            -12.075278
                        ]
                    ]
                ]
            },
            "properties": {
                "cuadrante": "3A1"
            }
        },
        {
            "type": "Feature",
            "geometry": {
                "type": "Polygon",
                "coordinates": [
                    [
                        [
                            -77.045093,
                            -12.07275
                        ],
                        [
                            -77.045369,
                            -12.072739
                        ],
                        [
                            -77.046035,
                            -12.072747
                        ],
                        [
                            -77.046856,
                            -12.072743
                        ],
                        [
                            -77.046866,
                            -12.07522
                        ],
                        [
                            -77.045104,
                            -12.075276
                        ],
                        [
                            -77.045093,
                            -12.07275
                        ]
                    ]
                ]
            },
            "properties": {
                "cuadrante": "3B1"
            }
        },
        {
            "type": "Feature",
            "geometry": {
                "type": "Polygon",
                "coordinates": [
                    [
                        [
                            -77.045104,
                            -12.075276
                        ],
                        [
                            -77.046866,
                            -12.07522
                        ],
                        [
                            -77.046871,
                            -12.075639
                        ],
                        [
                            -77.046875,
                            -12.076379
                        ],
                        [
                            -77.046894,
                            -12.077152
                        ],
                        [
                            -77.04696,
                            -12.077238
                        ],
                        [
                            -77.046485,
                            -12.077633
                        ],
                        [
                            -77.047304,
                            -12.078601
                        ],
                        [
                            -77.047024,
                            -12.078823
                        ],
                        [
                            -77.046872,
                            -12.078943
                        ],
                        [
                            -77.046818,
                            -12.079005
                        ],
                        [
                            -77.04677,
                            -12.079102
                        ],
                        [
                            -77.046745,
                            -12.079227
                        ],
                        [
                            -77.046739,
                            -12.079341
                        ],
                        [
                            -77.046742,
                            -12.079419
                        ],
                        [
                            -77.045669,
                            -12.079549
                        ],
                        [
                            -77.045166,
                            -12.077012
                        ],
                        [
                            -77.045241,
                            -12.076885
                        ],
                        [
                            -77.045119,
                            -12.076216
                        ],
                        [
                            -77.045104,
                            -12.075276
                        ]
                    ]
                ]
            },
            "properties": {
                "cuadrante": "3B2"
            }
        },
        {
            "type": "Feature",
            "geometry": {
                "type": "Polygon",
                "coordinates": [
                    [
                        [
                            -77.046812,
                            -12.081131
                        ],
                        [
                            -77.04596,
                            -12.081164
                        ],
                        [
                            -77.045777,
                            -12.081171
                        ],
                        [
                            -77.045752,
                            -12.081174
                        ],
                        [
                            -77.045757,
                            -12.0812
                        ],
                        [
                            -77.045749,
                            -12.081213
                        ],
                        [
                            -77.045743,
                            -12.081261
                        ],
                        [
                            -77.045755,
                            -12.081352
                        ],
                        [
                            -77.045813,
                            -12.081795
                        ],
                        [
                            -77.045871,
                            -12.082242
                        ],
                        [
                            -77.04578,
                            -12.082279
                        ],
                        [
                            -77.045698,
                            -12.08234
                        ],
                        [
                            -77.045641,
                            -12.082404
                        ],
                        [
                            -77.045562,
                            -12.082525
                        ],
                        [
                            -77.04554,
                            -12.082589
                        ],
                        [
                            -77.04584,
                            -12.082757
                        ],
                        [
                            -77.046204,
                            -12.08306
                        ],
                        [
                            -77.045802,
                            -12.083075
                        ],
                        [
                            -77.045324,
                            -12.083097
                        ],
                        [
                            -77.044784,
                            -12.083125
                        ],
                        [
                            -77.044244,
                            -12.083157
                        ],
                        [
                            -77.04366,
                            -12.083187
                        ],
                        [
                            -77.042798,
                            -12.083061
                        ],
                        [
                            -77.042187,
                            -12.08298
                        ],
                        [
                            -77.041972,
                            -12.082937
                        ],
                        [
                            -77.041967,
                            -12.082857
                        ],
                        [
                            -77.041947,
                            -12.082558
                        ],
                        [
                            -77.041898,
                            -12.081896
                        ],
                        [
                            -77.041836,
                            -12.081129
                        ],
                        [
                            -77.041799,
                            -12.080555
                        ],
                        [
                            -77.041735,
                            -12.07977
                        ],
                        [
                            -77.041989,
                            -12.079744
                        ],
                        [
                            -77.04222,
                            -12.079721
                        ],
                        [
                            -77.042287,
                            -12.079717
                        ],
                        [
                            -77.042366,
                            -12.079729
                        ],
                        [
                            -77.042441,
                            -12.079747
                        ],
                        [
                            -77.042433,
                            -12.079663
                        ],
                        [
                            -77.042426,
                            -12.079576
                        ],
                        [
                            -77.04242,
                            -12.079335
                        ],
                        [
                            -77.042411,
                            -12.078993
                        ],
                        [
                            -77.045532,
                            -12.078859
                        ],
                        [
                            -77.045669,
                            -12.079549
                        ],
                        [
                            -77.046742,
                            -12.079419
                        ],
                        [
                            -77.046812,
                            -12.081131
                        ]
                    ]
                ]
            },
            "properties": {
                "cuadrante": "3C2"
            }
        },
        {
            "type": "Feature",
            "geometry": {
                "type": "Polygon",
                "coordinates": [
                    [
                        [
                            -77.042403,
                            -12.078506
                        ],
                        [
                            -77.042384,
                            -12.077404
                        ],
                        [
                            -77.042345,
                            -12.076461
                        ],
                        [
                            -77.045166,
                            -12.077012
                        ],
                        [
                            -77.045532,
                            -12.078859
                        ],
                        [
                            -77.042411,
                            -12.078993
                        ],
                        [
                            -77.042403,
                            -12.078506
                        ]
                    ]
                ]
            },
            "properties": {
                "cuadrante": "3C1"
            }
        },
        {
            "type": "Feature",
            "geometry": {
                "type": "Polygon",
                "coordinates": [
                    [
                        [
                            -77.042345,
                            -12.076461
                        ],
                        [
                            -77.042338,
                            -12.07607
                        ],
                        [
                            -77.042308,
                            -12.075653
                        ],
                        [
                            -77.042266,
                            -12.075278
                        ],
                        [
                            -77.045104,
                            -12.075276
                        ],
                        [
                            -77.045119,
                            -12.076216
                        ],
                        [
                            -77.045241,
                            -12.076885
                        ],
                        [
                            -77.045166,
                            -12.077012
                        ],
                        [
                            -77.042345,
                            -12.076461
                        ]
                    ]
                ]
            },
            "properties": {
                "cuadrante": "3A2"
            }
        },
        {
            "type": "Feature",
            "geometry": {
                "type": "Polygon",
                "coordinates": [
                    [
                        [
                            -77.047508,
                            -12.06747
                        ],
                        [
                            -77.047878,
                            -12.067925
                        ],
                        [
                            -77.048128,
                            -12.068231
                        ],
                        [
                            -77.048478,
                            -12.068659
                        ],
                        [
                            -77.048851,
                            -12.06911
                        ],
                        [
                            -77.049187,
                            -12.069517
                        ],
                        [
                            -77.049715,
                            -12.070155
                        ],
                        [
                            -77.049604,
                            -12.070238
                        ],
                        [
                            -77.049185,
                            -12.070578
                        ],
                        [
                            -77.048723,
                            -12.070952
                        ],
                        [
                            -77.048329,
                            -12.071261
                        ],
                        [
                            -77.047831,
                            -12.071656
                        ],
                        [
                            -77.047657,
                            -12.071799
                        ],
                        [
                            -77.047436,
                            -12.071976
                        ],
                        [
                            -77.047141,
                            -12.072219
                        ],
                        [
                            -77.047079,
                            -12.072268
                        ],
                        [
                            -77.044673,
                            -12.069379
                        ],
                        [
                            -77.047342,
                            -12.067262
                        ],
                        [
                            -77.047508,
                            -12.06747
                        ]
                    ]
                ]
            },
            "properties": {
                "cuadrante": "2C1"
            }
        },
        {
            "type": "Feature",
            "geometry": {
                "type": "Polygon",
                "coordinates": [
                    [
                        [
                            -77.042364,
                            -12.06487
                        ],
                        [
                            -77.042918,
                            -12.064946
                        ],
                        [
                            -77.04343,
                            -12.065018
                        ],
                        [
                            -77.0436,
                            -12.065037
                        ],
                        [
                            -77.044233,
                            -12.065131
                        ],
                        [
                            -77.045262,
                            -12.06527
                        ],
                        [
                            -77.045558,
                            -12.06531
                        ],
                        [
                            -77.045645,
                            -12.065304
                        ],
                        [
                            -77.045723,
                            -12.065319
                        ],
                        [
                            -77.046006,
                            -12.065654
                        ],
                        [
                            -77.04637,
                            -12.066095
                        ],
                        [
                            -77.046757,
                            -12.066568
                        ],
                        [
                            -77.04717,
                            -12.067061
                        ],
                        [
                            -77.047342,
                            -12.067262
                        ],
                        [
                            -77.044772,
                            -12.0693
                        ],
                        [
                            -77.044658,
                            -12.069159
                        ],
                        [
                            -77.044621,
                            -12.069085
                        ],
                        [
                            -77.044602,
                            -12.06902
                        ],
                        [
                            -77.044585,
                            -12.068702
                        ],
                        [
                            -77.044469,
                            -12.068351
                        ],
                        [
                            -77.044322,
                            -12.068072
                        ],
                        [
                            -77.044244,
                            -12.067968
                        ],
                        [
                            -77.043439,
                            -12.066984
                        ],
                        [
                            -77.042845,
                            -12.066219
                        ],
                        [
                            -77.042634,
                            -12.065883
                        ],
                        [
                            -77.042011,
                            -12.064816
                        ],
                        [
                            -77.042364,
                            -12.06487
                        ]
                    ]
                ]
            },
            "properties": {
                "cuadrante": "2B2"
            }
        },
        {
            "type": "Feature",
            "geometry": {
                "type": "Polygon",
                "coordinates": [
                    [
                        [
                            -77.039129,
                            -12.064393
                        ],
                        [
                            -77.039214,
                            -12.06439
                        ],
                        [
                            -77.03929,
                            -12.064401
                        ],
                        [
                            -77.039341,
                            -12.064417
                        ],
                        [
                            -77.039401,
                            -12.064462
                        ],
                        [
                            -77.039859,
                            -12.064541
                        ],
                        [
                            -77.040185,
                            -12.064581
                        ],
                        [
                            -77.040876,
                            -12.064669
                        ],
                        [
                            -77.041758,
                            -12.064785
                        ],
                        [
                            -77.042011,
                            -12.064816
                        ],
                        [
                            -77.042634,
                            -12.065883
                        ],
                        [
                            -77.042845,
                            -12.066219
                        ],
                        [
                            -77.043439,
                            -12.066984
                        ],
                        [
                            -77.044244,
                            -12.067968
                        ],
                        [
                            -77.044322,
                            -12.068072
                        ],
                        [
                            -77.044469,
                            -12.068351
                        ],
                        [
                            -77.044585,
                            -12.068702
                        ],
                        [
                            -77.044602,
                            -12.06902
                        ],
                        [
                            -77.044621,
                            -12.069085
                        ],
                        [
                            -77.044658,
                            -12.069159
                        ],
                        [
                            -77.044772,
                            -12.0693
                        ],
                        [
                            -77.044673,
                            -12.069379
                        ],
                        [
                            -77.044013,
                            -12.068207
                        ],
                        [
                            -77.039106,
                            -12.064578
                        ],
                        [
                            -77.039129,
                            -12.064393
                        ]
                    ]
                ]
            },
            "properties": {
                "cuadrante": "2B1"
            }
        },
        {
            "type": "Feature",
            "geometry": {
                "type": "Polygon",
                "coordinates": [
                    [
                        [
                            -77.046823,
                            -12.072478
                        ],
                        [
                            -77.046668,
                            -12.072607
                        ],
                        [
                            -77.046528,
                            -12.072677
                        ],
                        [
                            -77.045947,
                            -12.072675
                        ],
                        [
                            -77.045378,
                            -12.072668
                        ],
                        [
                            -77.044784,
                            -12.072669
                        ],
                        [
                            -77.044708,
                            -12.072681
                        ],
                        [
                            -77.044305,
                            -12.072683
                        ],
                        [
                            -77.043492,
                            -12.072687
                        ],
                        [
                            -77.043486,
                            -12.07157
                        ],
                        [
                            -77.043521,
                            -12.071104
                        ],
                        [
                            -77.043552,
                            -12.070944
                        ],
                        [
                            -77.043681,
                            -12.070673
                        ],
                        [
                            -77.043916,
                            -12.070225
                        ],
                        [
                            -77.044042,
                            -12.070035
                        ],
                        [
                            -77.044427,
                            -12.069573
                        ],
                        [
                            -77.044525,
                            -12.069487
                        ],
                        [
                            -77.044673,
                            -12.069379
                        ],
                        [
                            -77.047079,
                            -12.072268
                        ],
                        [
                            -77.046823,
                            -12.072478
                        ]
                    ]
                ]
            },
            "properties": {
                "cuadrante": "2C2"
            }
        },
        {
            "type": "Feature",
            "geometry": {
                "type": "Polygon",
                "coordinates": [
                    [
                        [
                            -77.042668,
                            -12.0727
                        ],
                        [
                            -77.041947,
                            -12.072708
                        ],
                        [
                            -77.041884,
                            -12.072712
                        ],
                        [
                            -77.041618,
                            -12.072739
                        ],
                        [
                            -77.041322,
                            -12.072063
                        ],
                        [
                            -77.040829,
                            -12.070998
                        ],
                        [
                            -77.040903,
                            -12.070913
                        ],
                        [
                            -77.041007,
                            -12.07086
                        ],
                        [
                            -77.041097,
                            -12.070822
                        ],
                        [
                            -77.041178,
                            -12.070796
                        ],
                        [
                            -77.041298,
                            -12.070799
                        ],
                        [
                            -77.041558,
                            -12.070892
                        ],
                        [
                            -77.041668,
                            -12.070932
                        ],
                        [
                            -77.041814,
                            -12.070913
                        ],
                        [
                            -77.042414,
                            -12.070792
                        ],
                        [
                            -77.042613,
                            -12.070743
                        ],
                        [
                            -77.042859,
                            -12.070742
                        ],
                        [
                            -77.043119,
                            -12.070811
                        ],
                        [
                            -77.043367,
                            -12.070953
                        ],
                        [
                            -77.043443,
                            -12.07101
                        ],
                        [
                            -77.043521,
                            -12.071104
                        ],
                        [
                            -77.043486,
                            -12.07157
                        ],
                        [
                            -77.043492,
                            -12.072687
                        ],
                        [
                            -77.042668,
                            -12.0727
                        ]
                    ]
                ]
            },
            "properties": {
                "cuadrante": "2A1"
            }
        },
        {
            "type": "Feature",
            "geometry": {
                "type": "Polygon",
                "coordinates": [
                    [
                        [
                            -77.043521,
                            -12.071104
                        ],
                        [
                            -77.043443,
                            -12.07101
                        ],
                        [
                            -77.043367,
                            -12.070953
                        ],
                        [
                            -77.043119,
                            -12.070811
                        ],
                        [
                            -77.042859,
                            -12.070742
                        ],
                        [
                            -77.042613,
                            -12.070743
                        ],
                        [
                            -77.042414,
                            -12.070792
                        ],
                        [
                            -77.041814,
                            -12.070913
                        ],
                        [
                            -77.041668,
                            -12.070932
                        ],
                        [
                            -77.041558,
                            -12.070892
                        ],
                        [
                            -77.041298,
                            -12.070799
                        ],
                        [
                            -77.041178,
                            -12.070796
                        ],
                        [
                            -77.041097,
                            -12.070822
                        ],
                        [
                            -77.041007,
                            -12.07086
                        ],
                        [
                            -77.040903,
                            -12.070913
                        ],
                        [
                            -77.040829,
                            -12.070998
                        ],
                        [
                            -77.040292,
                            -12.069816
                        ],
                        [
                            -77.039936,
                            -12.069022
                        ],
                        [
                            -77.039733,
                            -12.068484
                        ],
                        [
                            -77.039588,
                            -12.067786
                        ],
                        [
                            -77.039319,
                            -12.066304
                        ],
                        [
                            -77.039258,
                            -12.065974
                        ],
                        [
                            -77.039147,
                            -12.065052
                        ],
                        [
                            -77.039106,
                            -12.064578
                        ],
                        [
                            -77.044013,
                            -12.068207
                        ],
                        [
                            -77.044673,
                            -12.069379
                        ],
                        [
                            -77.044525,
                            -12.069487
                        ],
                        [
                            -77.044427,
                            -12.069573
                        ],
                        [
                            -77.044042,
                            -12.070035
                        ],
                        [
                            -77.043916,
                            -12.070225
                        ],
                        [
                            -77.043681,
                            -12.070673
                        ],
                        [
                            -77.043552,
                            -12.070944
                        ],
                        [
                            -77.043521,
                            -12.071104
                        ]
                    ]
                ]
            },
            "properties": {
                "cuadrante": "2A2"
            }
        },
        {
            "type": "Feature",
            "geometry": {
                "type": "Polygon",
                "coordinates": [
                    [
                        [
                            -77.037496,
                            -12.064209
                        ],
                        [
                            -77.037647,
                            -12.064225
                        ],
                        [
                            -77.037821,
                            -12.064245
                        ],
                        [
                            -77.038155,
                            -12.064281
                        ],
                        [
                            -77.038831,
                            -12.064354
                        ],
                        [
                            -77.038843,
                            -12.064843
                        ],
                        [
                            -77.03884,
                            -12.06502
                        ],
                        [
                            -77.03886,
                            -12.065234
                        ],
                        [
                            -77.03892,
                            -12.065613
                        ],
                        [
                            -77.039121,
                            -12.06684
                        ],
                        [
                            -77.039378,
                            -12.068318
                        ],
                        [
                            -77.039581,
                            -12.068936
                        ],
                        [
                            -77.040043,
                            -12.069972
                        ],
                        [
                            -77.040465,
                            -12.070911
                        ],
                        [
                            -77.041047,
                            -12.072128
                        ],
                        [
                            -77.039797,
                            -12.072327
                        ],
                        [
                            -77.039375,
                            -12.069957
                        ],
                        [
                            -77.037819,
                            -12.069755
                        ],
                        [
                            -77.038137,
                            -12.067642
                        ],
                        [
                            -77.038056,
                            -12.06712
                        ],
                        [
                            -77.037923,
                            -12.066389
                        ],
                        [
                            -77.037889,
                            -12.066334
                        ],
                        [
                            -77.037496,
                            -12.064209
                        ]
                    ]
                ]
            },
            "properties": {
                "cuadrante": "1A1"
            }
        },
        {
            "type": "Feature",
            "geometry": {
                "type": "Polygon",
                "coordinates": [
                    [
                        [
                            -77.041596,
                            -12.073296
                        ],
                        [
                            -77.041723,
                            -12.073627
                        ],
                        [
                            -77.041835,
                            -12.07429
                        ],
                        [
                            -77.04195,
                            -12.075026
                        ],
                        [
                            -77.039733,
                            -12.074905
                        ],
                        [
                            -77.039327,
                            -12.072405
                        ],
                        [
                            -77.039797,
                            -12.072327
                        ],
                        [
                            -77.041047,
                            -12.072128
                        ],
                        [
                            -77.041596,
                            -12.073296
                        ]
                    ]
                ]
            },
            "properties": {
                "cuadrante": "1B2"
            }
        },
        {
            "type": "Feature",
            "geometry": {
                "type": "Polygon",
                "coordinates": [
                    [
                        [
                            -77.042029,
                            -12.075865
                        ],
                        [
                            -77.042049,
                            -12.076447
                        ],
                        [
                            -77.042049,
                            -12.076596
                        ],
                        [
                            -77.038069,
                            -12.077041
                        ],
                        [
                            -77.036745,
                            -12.076854
                        ],
                        [
                            -77.036914,
                            -12.075698
                        ],
                        [
                            -77.037066,
                            -12.074572
                        ],
                        [
                            -77.03902,
                            -12.074866
                        ],
                        [
                            -77.039733,
                            -12.074905
                        ],
                        [
                            -77.04195,
                            -12.075026
                        ],
                        [
                            -77.042029,
                            -12.075865
                        ]
                    ]
                ]
            },
            "properties": {
                "cuadrante": "1C1"
            }
        },
        {
            "type": "Feature",
            "geometry": {
                "type": "Polygon",
                "coordinates": [
                    [
                        [
                            -77.042088,
                            -12.077847
                        ],
                        [
                            -77.042132,
                            -12.07955
                        ],
                        [
                            -77.041675,
                            -12.079623
                        ],
                        [
                            -77.041749,
                            -12.080616
                        ],
                        [
                            -77.038544,
                            -12.080198
                        ],
                        [
                            -77.0382,
                            -12.080175
                        ],
                        [
                            -77.038069,
                            -12.080136
                        ],
                        [
                            -77.037614,
                            -12.080053
                        ],
                        [
                            -77.036273,
                            -12.07987
                        ],
                        [
                            -77.036745,
                            -12.076854
                        ],
                        [
                            -77.038069,
                            -12.077041
                        ],
                        [
                            -77.042049,
                            -12.076596
                        ],
                        [
                            -77.042088,
                            -12.077847
                        ]
                    ]
                ]
            },
            "properties": {
                "cuadrante": "1C2"
            }
        },
        {
            "type": "Feature",
            "geometry": {
                "type": "Polygon",
                "coordinates": [
                    [
                        [
                            -77.037389,
                            -12.072521
                        ],
                        [
                            -77.037555,
                            -12.071452
                        ],
                        [
                            -77.037819,
                            -12.069755
                        ],
                        [
                            -77.039375,
                            -12.069957
                        ],
                        [
                            -77.039797,
                            -12.072327
                        ],
                        [
                            -77.039327,
                            -12.072405
                        ],
                        [
                            -77.037956,
                            -12.072612
                        ],
                        [
                            -77.037389,
                            -12.072521
                        ]
                    ]
                ]
            },
            "properties": {
                "cuadrante": "1A2"
            }
        },
        {
            "type": "Feature",
            "geometry": {
                "type": "Polygon",
                "coordinates": [
                    [
                        [
                            -77.039733,
                            -12.074905
                        ],
                        [
                            -77.03902,
                            -12.074866
                        ],
                        [
                            -77.037066,
                            -12.074572
                        ],
                        [
                            -77.037227,
                            -12.07356
                        ],
                        [
                            -77.037389,
                            -12.072521
                        ],
                        [
                            -77.037956,
                            -12.072612
                        ],
                        [
                            -77.039327,
                            -12.072405
                        ],
                        [
                            -77.039733,
                            -12.074905
                        ]
                    ]
                ]
            },
            "properties": {
                "cuadrante": "1B1"
            }
        }
    ]
}